Product_Id,Category_ID,name
23028,20040,میهمانی و تشریفات
23028,20023,پیش غذا و دسر
23028,20041,فینگرفود
24028,20024,ایرانی
24028,20017,غذای اصلی
24028,20040,میهمانی و تشریفات
24028,20042,لقمه
24028,20012,غذاها
23000,20042,لقمه
23000,20040,میهمانی و تشریفات
23000,20024,ایرانی
23000,20017,غذای اصلی
23000,20012,غذاها
23029,20012,غذاها
23029,20040,میهمانی و تشریفات
23029,20025,فرنگی
23029,20017,غذای اصلی
23029,20042,لقمه
23056,20017,غذای اصلی
23056,20024,ایرانی
23056,20012,غذاها
23056,20022,ساندویچ
23055,20017,غذای اصلی
23055,20024,ایرانی
23055,20012,غذاها
23055,20022,ساندویچ
23054,20017,غذای اصلی
23054,20022,ساندویچ
23054,20012,غذاها
24071,20017,غذای اصلی
24071,20025,فرنگی
24071,20012,غذاها
24071,20022,ساندویچ
24073,20025,فرنگی
24073,20017,غذای اصلی
24073,20012,غذاها
24073,20022,ساندویچ
24078,20025,فرنگی
24078,20017,غذای اصلی
24078,20012,غذاها
24078,20022,ساندویچ
23036,20017,غذای اصلی
23036,20012,غذاها
23036,20025,فرنگی
23036,20023,پیش غذا و دسر
23034,20017,غذای اصلی
23034,20025,فرنگی
23034,20012,غذاها
23034,20023,پیش غذا و دسر
23034,20040,میهمانی و تشریفات
24916,20012,غذاها
24916,20025,فرنگی
24916,20023,پیش غذا و دسر
24916,20070,ژله و دسر
24916,20040,میهمانی و تشریفات
15138,20035,سس های بامیکا
15138,20053,چاشنی و روغن
15081,20035,سس های بامیکا
15081,20053,چاشنی و روغن
15086,20035,سس های بامیکا
15086,20053,چاشنی و روغن
15089,20035,سس های بامیکا
15089,20053,چاشنی و روغن
32134,20047,تنقلات
20116,20034,ماست و سالاد
20116,20032,سالاد
20116,20033,سالادهای بسته بندی
15204,20032,سالاد بامیکا
15208,20023,پیش غذا و دسر
15208,20034,ماست و سالاد
15208,20032,سالاد بامیکا
15208,20032,سالاد
15191,20035,سس های بامیکا
15191,20053,چاشنی و روغن
15083,20035,سس های بامیکا
15083,20053,چاشنی و روغن
15193,20035,سس های بامیکا
15193,20053,چاشنی و روغن
23058,20029,کنارغذا
15220,20053,چاشنی و روغن
15220,20035,سس های بامیکا
15109,20035,سس های بامیکا
15109,20053,چاشنی و روغن
15187,20035,سس های بامیکا
15187,20053,چاشنی و روغن
15080,20035,سس های بامیکا
15080,20053,چاشنی و روغن
15077,20035,سس های بامیکا
15076,20035,سس های بامیکا
15165,20035,سس های بامیکا
15165,20053,چاشنی و روغن
25009,20034,ماست و سالاد
25009,20034,ماست
25009,20034,ماست بامیکا
25009,20060,لبنیات
25009,20029,کنارغذا
21415,20063,روغن و تخم مرغ
21415,20053,چاشنی و روغن
21360,20064,روغن ها
21360,20063,روغن و تخم مرغ
21360,20053,چاشنی و روغن
17511,20053,چاشنی و روغن
17511,20063,روغن و تخم مرغ
17511,20064,روغن ها
21350,20061,خواروبار
21350,20062,غلات و حبوبات
21348,20061,خواروبار
21348,20062,غلات و حبوبات
21349,20062,غلات و حبوبات
21349,20061,خواروبار
21344,20062,غلات و حبوبات
21344,20061,خواروبار
21364,20062,غلات و حبوبات
21364,20061,خواروبار
21356,20061,خواروبار
21356,20062,غلات و حبوبات
21384,20062,غلات و حبوبات
21384,20061,خواروبار
21206,20062,غلات و حبوبات
21206,20061,خواروبار
21405,20061,خواروبار
21405,20062,غلات و حبوبات
21385,20061,خواروبار
21385,20062,غلات و حبوبات
21374,20047,تنقلات
17382,20047,تنقلات
21366,20037,نوشیدنی
21227,20037,نوشیدنی
21228,20037,نوشیدنی
21367,20039,دمنوش و عرقیجات
21367,20058,صبحانه و لبنیات
21367,20037,نوشیدنی
21233,20039,دمنوش و عرقیجات
21233,20037,نوشیدنی
21233,20058,صبحانه و لبنیات
21234,20039,دمنوش و عرقیجات
21234,20037,نوشیدنی
21234,20058,صبحانه و لبنیات
21654,20039,دمنوش و عرقیجات
21654,20058,صبحانه و لبنیات
21654,20037,نوشیدنی
21230,20053,چاشنی و روغن
21229,20047,تنقلات
21229,20058,صبحانه و لبنیات
21377,20047,تنقلات
21414,20064,روغن ها
21414,20053,چاشنی و روغن
21414,20063,روغن و تخم مرغ
21232,20037,نوشیدنی
21232,20038,آبمیوه بامیکا
21231,20053,چاشنی و روغن
21403,20029,کنارغذا
21316,20059,عسل و مربا
21316,20058,صبحانه و لبنیات
21319,20059,عسل و مربا
21319,20058,صبحانه و لبنیات
21315,20059,عسل و مربا
21315,20058,صبحانه و لبنیات
21318,20059,عسل و مربا
21318,20058,صبحانه و لبنیات
21314,20059,عسل و مربا
21314,20058,صبحانه و لبنیات
21321,20059,عسل و مربا
21321,20058,صبحانه و لبنیات
21317,20059,عسل و مربا
21317,20058,صبحانه و لبنیات
21320,20059,عسل و مربا
21320,20058,صبحانه و لبنیات
21287,20037,نوشیدنی
21287,20039,دمنوش و عرقیجات
21282,20037,نوشیدنی
21282,20039,دمنوش و عرقیجات
21284,20037,نوشیدنی
21284,20039,دمنوش و عرقیجات
21241,20037,نوشیدنی
21241,20039,دمنوش و عرقیجات
21294,20037,نوشیدنی
21294,20039,دمنوش و عرقیجات
21238,20037,نوشیدنی
21238,20039,دمنوش و عرقیجات
21239,20037,نوشیدنی
21239,20039,دمنوش و عرقیجات
21236,20037,نوشیدنی
21236,20039,دمنوش و عرقیجات
21240,20037,نوشیدنی
21240,20039,دمنوش و عرقیجات
21281,20037,نوشیدنی
21281,20039,دمنوش و عرقیجات
21283,20037,نوشیدنی
21283,20039,دمنوش و عرقیجات
21328,20037,نوشیدنی
21328,20039,دمنوش و عرقیجات
21266,20039,دمنوش و عرقیجات
21266,20053,چاشنی و روغن
21266,20037,نوشیدنی
21223,20053,چاشنی و روغن
21223,20037,نوشیدنی
21223,20039,دمنوش و عرقیجات
21215,20061,خواروبار
21215,20062,غلات و حبوبات
21207,20061,خواروبار
21207,20062,غلات و حبوبات
21213,20062,غلات و حبوبات
21216,20062,غلات و حبوبات
21429,20047,تنقلات
17883,20051,سبزی و صیفی‌جات
17883,20048,میوه و سبزیجات
21427,20047,تنقلات
17380,20047,تنقلات
17379,20047,تنقلات
17312,20047,تنقلات
17333,20047,تنقلات
17396,20047,تنقلات
17331,20047,تنقلات
17482,20047,تنقلات
17400,20047,تنقلات
21257,20058,صبحانه و لبنیات
21254,20053,چاشنی و روغن
21331,20047,تنقلات
21334,20058,صبحانه و لبنیات
21334,20047,تنقلات
17397,20047,تنقلات
17395,20047,تنقلات
17494,20047,تنقلات
17495,20047,تنقلات
17381,20047,تنقلات
17180,20047,تنقلات
17177,20047,تنقلات
17177,20057,آجیل و خشکبار
17183,20047,تنقلات
32131,20047,تنقلات
32130,20047,تنقلات
17299,20061,خواروبار
32194,20061,خواروبار
32194,20053,چاشنی و روغن
32194,20050,آماده مصرف
32194,20051,سبزی و صیفی‌جات
32192,20061,خواروبار
32192,20053,چاشنی و روغن
32192,20050,آماده مصرف
32192,20051,سبزی و صیفی‌جات
17476,20061,خواروبار
17476,20050,آماده مصرف
17476,20053,چاشنی و روغن
17122,20051,سبزی و صیفی‌جات
17122,20048,میوه و سبزیجات
17124,20029,کنارغذا
17124,20012,غذاها
27006,20055,روغن‌های بامیکا
27011,20055,روغن‌های بامیکا
27002,20055,روغن‌های بامیکا
27004,20055,روغن‌های بامیکا
27005,20055,روغن‌های بامیکا
27003,20055,روغن‌های بامیکا
17238,20047,تنقلات
17247,20047,تنقلات
17749,20058,صبحانه و لبنیات
17749,20047,تنقلات
17750,20047,تنقلات
17750,20058,صبحانه و لبنیات
17751,20058,صبحانه و لبنیات
17751,20047,تنقلات
17752,20058,صبحانه و لبنیات
17752,20047,تنقلات
28036,20057,آجیل و خشکبار
28036,20047,تنقلات
17110,20051,سبزی و صیفی‌جات
17110,20048,میوه و سبزیجات
17109,20051,سبزی و صیفی‌جات
17109,20048,میوه و سبزیجات
17159,20061,خواروبار
17159,20062,غلات و حبوبات
17159,20051,سبزی و صیفی‌جات
17161,20061,خواروبار
17161,20062,غلات و حبوبات
17161,20051,سبزی و صیفی‌جات
17204,20051,سبزی و صیفی‌جات
17204,20048,میوه و سبزیجات
20171,20048,میوه و سبزیجات
20171,20051,سبزی و صیفی‌جات
20171,20050,آماده مصرف
20175,20051,سبزی و صیفی‌جات
20175,20050,آماده مصرف
20125,20051,سبزی و صیفی‌جات
20125,20048,میوه و سبزیجات
20125,20050,آماده مصرف
12048,20051,سبزی و صیفی‌جات
12048,20050,آماده مصرف
17503,20062,غلات و حبوبات
17503,20061,خواروبار
17503,20051,سبزی و صیفی‌جات
17521,20029,کنارغذا
17521,20023,پیش غذا و دسر
17646,20029,کنارغذا
17646,20023,پیش غذا و دسر
17523,20029,کنارغذا
27000,20064,روغن ها
27000,20053,چاشنی و روغن
27000,20055,روغن‌های بامیکا
27000,20063,روغن و تخم مرغ
18060,20023,پیش غذا و دسر
18060,20029,کنارغذا
18058,20029,کنارغذا
18058,20023,پیش غذا و دسر
18056,20029,کنارغذا
22001,20070,ژله و دسر
22001,20023,پیش غذا و دسر
22001,20040,میهمانی و تشریفات
17468,20062,غلات و حبوبات
15197,20048,میوه و سبزیجات
15197,20043,میوه پذیرایی
15197,20040,میهمانی و تشریفات
15197,20052,میوه
15209,20043,میوه پذیرایی
15209,20032,سالاد بامیکا
15209,20040,میهمانی و تشریفات
15209,20052,میوه
15209,20048,میوه و سبزیجات
32128,20053,چاشنی و روغن
32128,20061,خواروبار
32128,20050,آماده مصرف
32129,20053,چاشنی و روغن
32129,20061,خواروبار
32129,20050,آماده مصرف
32099,20047,تنقلات
17263,20047,تنقلات
17263,20058,صبحانه و لبنیات
17342,20058,صبحانه و لبنیات
17342,20060,لبنیات
12070,20051,سبزی و صیفی‌جات
12070,20048,میوه و سبزیجات
12070,20050,آماده مصرف
20172,20051,سبزی و صیفی‌جات
20172,20048,میوه و سبزیجات
20172,20050,آماده مصرف
20174,20051,سبزی و صیفی‌جات
20174,20048,میوه و سبزیجات
20174,20050,آماده مصرف
20132,20051,سبزی و صیفی‌جات
20132,20048,میوه و سبزیجات
20132,20050,آماده مصرف
20131,20051,سبزی و صیفی‌جات
20131,20048,میوه و سبزیجات
20131,20050,آماده مصرف
12044,20051,سبزی و صیفی‌جات
12044,20048,میوه و سبزیجات
12054,20051,سبزی و صیفی‌جات
12054,20048,میوه و سبزیجات
20130,20048,میوه و سبزیجات
20130,20051,سبزی و صیفی‌جات
20130,20050,آماده مصرف
20165,20051,سبزی و صیفی‌جات
20165,20048,میوه و سبزیجات
20165,20050,آماده مصرف
21477,20047,تنقلات
21511,20047,تنقلات
21431,20053,چاشنی و روغن
15211,20035,سس های بامیکا
16202,20043,میوه پذیرایی
16202,20048,میوه و سبزیجات
16202,20040,میهمانی و تشریفات
16202,20052,میوه
16209,20048,میوه و سبزیجات
16209,20043,میوه پذیرایی
16209,20052,میوه
16206,20043,میوه پذیرایی
16206,20048,میوه و سبزیجات
16206,20040,میهمانی و تشریفات
16206,20052,میوه
20086,20034,ماست و سالاد
20086,20023,پیش غذا و دسر
20086,20032,سالاد
20086,20033,سالادهای بسته بندی
20093,20034,ماست و سالاد
20093,20033,سالادهای بسته بندی
20100,20034,ماست و سالاد
20100,20023,پیش غذا و دسر
20100,20032,سالاد
20100,20033,سالادهای بسته بندی
15079,20035,سس های بامیکا
15140,20035,سس های بامیکا
20055,20048,میوه و سبزیجات
20055,20051,سبزی و صیفی‌جات
20055,20050,آماده مصرف
20000,20051,سبزی و صیفی‌جات
20000,20048,میوه و سبزیجات
20000,20050,آماده مصرف
20058,20048,میوه و سبزیجات
20058,20051,سبزی و صیفی‌جات
20058,20050,آماده مصرف
20046,20048,میوه و سبزیجات
20046,20051,سبزی و صیفی‌جات
20046,20050,آماده مصرف
13011,20048,میوه و سبزیجات
13011,20051,سبزی و صیفی‌جات
13011,20040,میهمانی و تشریفات
13011,20043,میوه پذیرایی
11620,20052,میوه
11620,20048,میوه و سبزیجات
11620,20043,میوه پذیرایی
11620,20040,میهمانی و تشریفات
11061,20040,میهمانی و تشریفات
11061,20043,میوه پذیرایی
11061,20048,میوه و سبزیجات
11061,20052,میوه
11535,20052,میوه
11535,20048,میوه و سبزیجات
11535,20043,میوه پذیرایی
11535,20040,میهمانی و تشریفات
11081,20043,میوه پذیرایی
11081,20048,میوه و سبزیجات
11081,20052,میوه
16086,20037,نوشیدنی
16086,20038,آبمیوه بامیکا
12002,20051,سبزی و صیفی‌جات
12002,20048,میوه و سبزیجات
12000,20051,سبزی و صیفی‌جات
12000,20048,میوه و سبزیجات
12003,20051,سبزی و صیفی‌جات
12003,20048,میوه و سبزیجات
12011,20051,سبزی و صیفی‌جات
12011,20048,میوه و سبزیجات
12021,20051,سبزی و صیفی‌جات
12021,20048,میوه و سبزیجات
20112,20051,سبزی و صیفی‌جات
20112,20048,میوه و سبزیجات
20112,20050,آماده مصرف
17576,20051,سبزی و صیفی‌جات
23084,20023,پیش غذا و دسر
23084,20032,سالاد بامیکا
23084,20034,ماست و سالاد
23084,20032,سالاد
23084,20043,میوه پذیرایی
23084,20040,میهمانی و تشریفات
23084,20048,میوه و سبزیجات
23084,20052,میوه
11377,20048,میوه و سبزیجات
11377,20052,میوه
11066,20048,میوه و سبزیجات
11066,20052,میوه
11056,20048,میوه و سبزیجات
11056,20052,میوه
11060,20043,میوه پذیرایی
11060,20048,میوه و سبزیجات
11060,20052,میوه
12009,20051,سبزی و صیفی‌جات
12009,20048,میوه و سبزیجات
23083,20043,میوه پذیرایی
23083,20040,میهمانی و تشریفات
23083,20032,سالاد بامیکا
23083,20034,ماست و سالاد
23083,20032,سالاد
23083,20023,پیش غذا و دسر
23083,20048,میوه و سبزیجات
23083,20052,میوه
11059,20052,میوه
11059,20048,میوه و سبزیجات
11135,20052,میوه
12005,20051,سبزی و صیفی‌جات
12005,20048,میوه و سبزیجات
11515,20052,میوه
11515,20048,میوه و سبزیجات
11519,20052,میوه
11519,20048,میوه و سبزیجات
11075,20048,میوه و سبزیجات
11075,20052,میوه
21652,20039,دمنوش و عرقیجات
21652,20058,صبحانه و لبنیات
21652,20037,نوشیدنی
21442,20039,دمنوش و عرقیجات
21442,20058,صبحانه و لبنیات
21442,20037,نوشیدنی
21443,20039,دمنوش و عرقیجات
21443,20058,صبحانه و لبنیات
21443,20037,نوشیدنی
21444,20039,دمنوش و عرقیجات
21444,20058,صبحانه و لبنیات
21444,20037,نوشیدنی
23077,20025,فرنگی
23077,20012,غذاها
23077,20017,غذای اصلی
32102,20047,تنقلات
15190,20035,سس های بامیکا
15112,20035,سس های بامیکا
15120,20035,سس های بامیکا
15184,20035,سس های بامیکا
24918,20025,فرنگی
24918,20012,غذاها
24918,20017,غذای اصلی
24915,20025,فرنگی
24915,20012,غذاها
24915,20017,غذای اصلی
24087,20025,فرنگی
24087,20040,میهمانی و تشریفات
24087,20012,غذاها
24087,20017,غذای اصلی
24087,20042,لقمه
32105,20058,صبحانه و لبنیات
21455,20053,چاشنی و روغن
21456,20037,نوشیدنی
21456,20039,دمنوش و عرقیجات
21458,20037,نوشیدنی
21458,20039,دمنوش و عرقیجات
13033,20048,میوه و سبزیجات
13033,20052,میوه
32107,20058,صبحانه و لبنیات
32109,20062,غلات و حبوبات
32110,20047,تنقلات
32112,20062,غلات و حبوبات
32112,20047,تنقلات
18014,20029,کنارغذا
18014,20023,پیش غذا و دسر
32113,20062,غلات و حبوبات
32113,20047,تنقلات
32114,20047,تنقلات
32115,20047,تنقلات
12101,20051,سبزی و صیفی‌جات
11071,20052,میوه
11071,20040,میهمانی و تشریفات
11071,20043,میوه پذیرایی
11071,20048,میوه و سبزیجات
32117,20047,تنقلات
32119,20047,تنقلات
32120,20047,تنقلات
11029,20052,میوه
11029,20048,میوه و سبزیجات
11029,20043,میوه پذیرایی
11160,20052,میوه
12030,20048,میوه و سبزیجات
12030,20051,سبزی و صیفی‌جات
11018,20040,میهمانی و تشریفات
11018,20043,میوه پذیرایی
11018,20048,میوه و سبزیجات
11018,20052,میوه
11202,20048,میوه و سبزیجات
11202,20052,میوه
21475,20047,تنقلات
21475,20058,صبحانه و لبنیات
21476,20039,دمنوش و عرقیجات
21476,20058,صبحانه و لبنیات
21476,20037,نوشیدنی
17554,20032,سالاد بامیکا
17554,20051,سبزی و صیفی‌جات
28500,20061,خواروبار
28500,20047,تنقلات
28500,20040,میهمانی و تشریفات
17546,20062,غلات و حبوبات
17547,20062,غلات و حبوبات
17548,20062,غلات و حبوبات
17573,20061,خواروبار
17573,20050,آماده مصرف
17573,20053,چاشنی و روغن
21513,20047,تنقلات
21478,20047,تنقلات
21479,20047,تنقلات
17403,20053,چاشنی و روغن
17403,20050,آماده مصرف
16177,20037,نوشیدنی
16177,20038,آبمیوه بامیکا
21492,20062,غلات و حبوبات
21493,20062,غلات و حبوبات
21335,20062,غلات و حبوبات
21336,20062,غلات و حبوبات
17528,20048,میوه و سبزیجات
17528,20051,سبزی و صیفی‌جات
21512,20047,تنقلات
21506,20053,چاشنی و روغن
21515,20053,چاشنی و روغن
32126,20061,خواروبار
32126,20050,آماده مصرف
32127,20061,خواروبار
32127,20050,آماده مصرف
11192,20048,میوه و سبزیجات
11192,20052,میوه
11192,20043,میوه پذیرایی
28001,20057,آجیل و خشکبار
28001,20047,تنقلات
11038,20052,میوه
11619,20048,میوه و سبزیجات
11619,20043,میوه پذیرایی
11619,20052,میوه
15179,20032,سالاد بامیکا
15179,20034,ماست و سالاد
15179,20023,پیش غذا و دسر
15179,20032,سالاد
15179,20012,غذاها
11371,20047,تنقلات
17580,20062,غلات و حبوبات
20105,20051,سبزی و صیفی‌جات
20105,20048,میوه و سبزیجات
20105,20050,آماده مصرف
20102,20051,سبزی و صیفی‌جات
20102,20048,میوه و سبزیجات
20102,20050,آماده مصرف
20107,20051,سبزی و صیفی‌جات
20107,20048,میوه و سبزیجات
20107,20050,آماده مصرف
20090,20051,سبزی و صیفی‌جات
20090,20048,میوه و سبزیجات
20090,20050,آماده مصرف
20108,20051,سبزی و صیفی‌جات
20108,20048,میوه و سبزیجات
20108,20050,آماده مصرف
20109,20051,سبزی و صیفی‌جات
20109,20048,میوه و سبزیجات
20109,20050,آماده مصرف
21494,20061,خواروبار
21494,20062,غلات و حبوبات
21495,20061,خواروبار
21495,20062,غلات و حبوبات
21496,20062,غلات و حبوبات
17530,20062,غلات و حبوبات
17529,20062,غلات و حبوبات
20111,20048,میوه و سبزیجات
20111,20051,سبزی و صیفی‌جات
20111,20050,آماده مصرف
20113,20048,میوه و سبزیجات
20113,20051,سبزی و صیفی‌جات
20113,20050,آماده مصرف
20114,20051,سبزی و صیفی‌جات
20114,20048,میوه و سبزیجات
20114,20050,آماده مصرف
20115,20048,میوه و سبزیجات
20115,20051,سبزی و صیفی‌جات
20115,20050,آماده مصرف
11185,20052,میوه
11185,20048,میوه و سبزیجات
11185,20043,میوه پذیرایی
17332,20047,تنقلات
17332,20058,صبحانه و لبنیات
21521,20047,تنقلات
21522,20039,دمنوش و عرقیجات
21522,20037,نوشیدنی
32121,20047,تنقلات
32116,20047,تنقلات
15194,20034,ماست و سالاد
15194,20023,پیش غذا و دسر
15194,20032,سالاد
15194,20012,غذاها
15194,20032,سالاد بامیکا
21523,20061,خواروبار
21523,20062,غلات و حبوبات
21525,20061,خواروبار
21525,20062,غلات و حبوبات
21524,20061,خواروبار
21524,20062,غلات و حبوبات
21526,20047,تنقلات
21526,20061,خواروبار
21530,20059,عسل و مربا
21530,20058,صبحانه و لبنیات
21527,20047,تنقلات
21527,20036,نان
21527,20036,شیرین
21531,20023,پیش غذا و دسر
21531,20012,غذاها
20106,20048,میوه و سبزیجات
20106,20051,سبزی و صیفی‌جات
20106,20050,آماده مصرف
21547,20064,روغن ها
21547,20063,روغن و تخم مرغ
21532,20062,غلات و حبوبات
21546,20062,غلات و حبوبات
21545,20062,غلات و حبوبات
21535,20062,غلات و حبوبات
21540,20062,غلات و حبوبات
21533,20062,غلات و حبوبات
21536,20062,غلات و حبوبات
21534,20062,غلات و حبوبات
21538,20058,صبحانه و لبنیات
21538,20061,خواروبار
21539,20062,غلات و حبوبات
21542,20051,سبزی و صیفی‌جات
21542,20048,میوه و سبزیجات
21543,20058,صبحانه و لبنیات
21543,20062,غلات و حبوبات
21544,20058,صبحانه و لبنیات
21544,20062,غلات و حبوبات
16052,20037,نوشیدنی
16052,20038,آبمیوه بامیکا
17144,20036,ساندویچی
17273,20058,صبحانه و لبنیات
17273,20036,نان
17273,20036,شیرین
17274,20036,نان
17274,20036,شیرین
17275,20047,تنقلات
17275,20036,نان
17275,20036,شیرین
17275,20058,صبحانه و لبنیات
17276,20036,نان
17276,20036,شیرین
17277,20058,صبحانه و لبنیات
17277,20062,غلات و حبوبات
17277,20047,تنقلات
17277,20036,نان
17277,20036,شیرین
17282,20047,تنقلات
17282,20036,نان
17282,20036,شیرین
17343,20058,صبحانه و لبنیات
17343,20036,نان
17343,20036,شیرین
17344,20058,صبحانه و لبنیات
17344,20036,نان
17344,20036,شیرین
17535,20058,صبحانه و لبنیات
17535,20036,شیرین
17535,20036,نان
17536,20058,صبحانه و لبنیات
17536,20036,نان
17536,20036,شیرین
17607,20058,صبحانه و لبنیات
17607,20036,نان
17607,20036,شیرین
17404,20050,آماده مصرف
17404,20053,چاشنی و روغن
17577,20051,سبزی و صیفی‌جات
32125,20061,خواروبار
32125,20050,آماده مصرف
32125,20053,چاشنی و روغن
17605,20061,خواروبار
17605,20053,چاشنی و روغن
17605,20050,آماده مصرف
17606,20053,چاشنی و روغن
17606,20061,خواروبار
17606,20050,آماده مصرف
17610,20034,ماست و سالاد
17610,20060,لبنیات
17611,20060,لبنیات
17615,20063,روغن و تخم مرغ
17615,20058,صبحانه و لبنیات
17616,20063,روغن و تخم مرغ
17616,20058,صبحانه و لبنیات
17617,20058,صبحانه و لبنیات
17617,20063,روغن و تخم مرغ
17619,20058,صبحانه و لبنیات
17620,20058,صبحانه و لبنیات
17620,20063,روغن و تخم مرغ
17640,20063,روغن و تخم مرغ
17640,20053,چاشنی و روغن
17640,20064,روغن ها
17621,20059,عسل و مربا
17621,20058,صبحانه و لبنیات
17622,20059,عسل و مربا
17622,20058,صبحانه و لبنیات
17623,20059,عسل و مربا
17623,20058,صبحانه و لبنیات
17625,20059,عسل و مربا
17625,20058,صبحانه و لبنیات
17626,20058,صبحانه و لبنیات
17627,20059,عسل و مربا
17627,20058,صبحانه و لبنیات
17628,20059,عسل و مربا
17628,20058,صبحانه و لبنیات
17629,20053,چاشنی و روغن
17635,20064,روغن ها
17635,20063,روغن و تخم مرغ
17635,20053,چاشنی و روغن
17637,20064,روغن ها
17637,20063,روغن و تخم مرغ
17637,20053,چاشنی و روغن
17638,20064,روغن ها
17638,20063,روغن و تخم مرغ
17638,20053,چاشنی و روغن
17641,20063,روغن و تخم مرغ
17641,20053,چاشنی و روغن
17641,20064,روغن ها
17642,20063,روغن و تخم مرغ
17642,20053,چاشنی و روغن
17642,20064,روغن ها
17643,20058,صبحانه و لبنیات
17644,20058,صبحانه و لبنیات
20118,20051,سبزی و صیفی‌جات
20118,20040,میهمانی و تشریفات
20118,20048,میوه و سبزیجات
20118,20050,آماده مصرف
20123,20048,میوه و سبزیجات
20123,20051,سبزی و صیفی‌جات
20123,20050,آماده مصرف
20124,20048,میوه و سبزیجات
20124,20051,سبزی و صیفی‌جات
20124,20050,آماده مصرف
20127,20051,سبزی و صیفی‌جات
20127,20048,میوه و سبزیجات
20127,20050,آماده مصرف
20162,20051,سبزی و صیفی‌جات
21567,20062,غلات و حبوبات
21567,20061,خواروبار
21568,20061,خواروبار
21568,20062,غلات و حبوبات
21569,20061,خواروبار
21569,20062,غلات و حبوبات
21570,20061,خواروبار
21570,20062,غلات و حبوبات
21571,20061,خواروبار
21571,20062,غلات و حبوبات
21572,20061,خواروبار
21572,20062,غلات و حبوبات
21618,20062,غلات و حبوبات
21618,20061,خواروبار
21497,20058,صبحانه و لبنیات
21497,20059,عسل و مربا
21514,20047,تنقلات
21548,20047,تنقلات
21550,20061,خواروبار
21550,20062,غلات و حبوبات
21549,20061,خواروبار
21549,20062,غلات و حبوبات
21551,20037,نوشیدنی
21553,20037,نوشیدنی
21555,20037,نوشیدنی
21557,20058,صبحانه و لبنیات
21557,20059,عسل و مربا
21559,20058,صبحانه و لبنیات
21559,20059,عسل و مربا
21558,20058,صبحانه و لبنیات
21558,20059,عسل و مربا
21560,20037,نوشیدنی
21574,20064,روغن ها
21574,20061,خواروبار
21574,20063,روغن و تخم مرغ
21575,20064,روغن ها
21575,20063,روغن و تخم مرغ
21575,20053,چاشنی و روغن
21578,20047,تنقلات
21583,20062,غلات و حبوبات
21583,20058,صبحانه و لبنیات
21584,20058,صبحانه و لبنیات
21584,20062,غلات و حبوبات
21586,20062,غلات و حبوبات
21588,20058,صبحانه و لبنیات
21588,20062,غلات و حبوبات
21592,20023,پیش غذا و دسر
21594,20058,صبحانه و لبنیات
21594,20062,غلات و حبوبات
21595,20062,غلات و حبوبات
21607,20062,غلات و حبوبات
21608,20062,غلات و حبوبات
21609,20062,غلات و حبوبات
21619,20062,غلات و حبوبات
21619,20061,خواروبار
24030,20051,سبزی و صیفی‌جات
15092,20034,ماست و سالاد
15092,20032,سالاد
15092,20033,سالادهای بسته بندی
15092,20032,سالاد بامیکا
15201,20034,ماست و سالاد
15201,20023,پیش غذا و دسر
15201,20032,سالاد
15201,20032,سالاد بامیکا
30057,20036,حجیم و خمیرترش
30057,20058,صبحانه و لبنیات
30057,20062,غلات و حبوبات
30057,20036,نان
30051,20058,صبحانه و لبنیات
30051,20036,نان
30051,20062,غلات و حبوبات
30051,20036,حجیم و خمیرترش
30008,20062,غلات و حبوبات
30008,20036,نان
30008,20058,صبحانه و لبنیات
30008,20036,حجیم و خمیرترش
30008,20036,شیرین
30013,20058,صبحانه و لبنیات
30013,20062,غلات و حبوبات
30013,20036,ساندویچی
30013,20036,نان
30015,20062,غلات و حبوبات
30015,20036,ساندویچی
30015,20058,صبحانه و لبنیات
30015,20036,نان
30010,20058,صبحانه و لبنیات
30010,20036,شیرین
30010,20062,غلات و حبوبات
30010,20036,نان
30011,20058,صبحانه و لبنیات
30011,20062,غلات و حبوبات
30011,20036,نان
30011,20036,شیرین
30049,20058,صبحانه و لبنیات
30049,20062,غلات و حبوبات
30049,20036,شیرین
30049,20036,نان
30059,20058,صبحانه و لبنیات
30059,20062,غلات و حبوبات
30059,20036,شیرین
30059,20036,نان
30058,20058,صبحانه و لبنیات
30058,20062,غلات و حبوبات
30058,20036,شیرین
30058,20036,نان
30058,20036,ساندویچی
30050,20058,صبحانه و لبنیات
30050,20062,غلات و حبوبات
30050,20036,شیرین
30050,20036,نان
30016,20058,صبحانه و لبنیات
30016,20062,غلات و حبوبات
30016,20036,شیرین
30016,20036,نان
30033,20058,صبحانه و لبنیات
30033,20062,غلات و حبوبات
30033,20036,شیرین
30033,20036,نان
30054,20036,شیرین
30054,20062,غلات و حبوبات
30054,20036,نان
30053,20062,غلات و حبوبات
30053,20036,شیرین
30053,20036,نان
30020,20058,صبحانه و لبنیات
30020,20062,غلات و حبوبات
30020,20036,شیرین
30020,20036,نان
30012,20058,صبحانه و لبنیات
30012,20062,غلات و حبوبات
30012,20036,ساندویچی
30012,20036,نان
30014,20062,غلات و حبوبات
30014,20058,صبحانه و لبنیات
30014,20036,ساندویچی
30014,20036,نان
30000,20058,صبحانه و لبنیات
30000,20062,غلات و حبوبات
30000,20036,ساندویچی
30000,20036,نان
30001,20058,صبحانه و لبنیات
30001,20062,غلات و حبوبات
30001,20036,ساندویچی
30001,20036,نان
30052,20036,ساندویچی
30052,20062,غلات و حبوبات
30052,20036,نان
30004,20062,غلات و حبوبات
30004,20036,ساندویچی
30004,20036,نان
30003,20036,ساندویچی
30003,20036,نان
21507,20036,نان
21507,20036,شیرین
21615,20048,میوه و سبزیجات
21615,20051,سبزی و صیفی‌جات
21616,20051,سبزی و صیفی‌جات
21616,20048,میوه و سبزیجات
21398,20058,صبحانه و لبنیات
18015,20029,کنارغذا
18015,20023,پیش غذا و دسر
27001,20053,چاشنی و روغن
27001,20063,روغن و تخم مرغ
18029,20029,کنارغذا
21352,20047,تنقلات
21499,20047,تنقلات
21613,20048,میوه و سبزیجات
21613,20051,سبزی و صیفی‌جات
21621,20052,میوه
21620,20052,میوه
21599,20048,میوه و سبزیجات
21599,20051,سبزی و صیفی‌جات
21598,20048,میوه و سبزیجات
21598,20051,سبزی و صیفی‌جات
32111,20047,تنقلات
32135,20047,تنقلات
21261,20053,چاشنی و روغن
21503,20058,صبحانه و لبنیات
21503,20048,میوه و سبزیجات
21503,20052,میوه
21502,20052,میوه
17537,20058,صبحانه و لبنیات
17537,20036,نان
17537,20036,شیرین
17432,20053,چاشنی و روغن
17432,20050,آماده مصرف
17613,20058,صبحانه و لبنیات
17613,20060,لبنیات
17679,20058,صبحانه و لبنیات
17663,20047,تنقلات
21552,20037,نوشیدنی
21343,20052,میوه
17682,20053,چاشنی و روغن
21590,20023,پیش غذا و دسر
21554,20037,نوشیدنی
21596,20062,غلات و حبوبات
21593,20062,غلات و حبوبات
21591,20023,پیش غذا و دسر
21625,20058,صبحانه و لبنیات
21597,20062,غلات و حبوبات
17624,20059,عسل و مربا
17624,20058,صبحانه و لبنیات
17633,20053,چاشنی و روغن
17757,20064,روغن ها
17757,20055,روغن‌های بامیکا
17757,20063,روغن و تخم مرغ
17639,20063,روغن و تخم مرغ
17639,20053,چاشنی و روغن
17639,20064,روغن ها
17647,20029,کنارغذا
17647,20023,پیش غذا و دسر
17648,20029,کنارغذا
17648,20023,پیش غذا و دسر
17649,20023,پیش غذا و دسر
17649,20029,کنارغذا
17650,20029,کنارغذا
17650,20012,غذاها
17651,20029,کنارغذا
17651,20023,پیش غذا و دسر
17665,20047,تنقلات
17672,20047,تنقلات
17684,20047,تنقلات
17673,20047,تنقلات
17683,20047,تنقلات
17674,20047,تنقلات
11161,20061,خواروبار
11161,20052,میوه
17686,20047,تنقلات
21626,20062,غلات و حبوبات
21647,20061,خواروبار
21647,20047,تنقلات
21648,20047,تنقلات
21648,20058,صبحانه و لبنیات
22014,20023,پیش غذا و دسر
22014,20070,ژله و دسر
24103,20058,صبحانه و لبنیات
24103,20036,شیرین
24103,20036,نان
30017,20036,نان
30017,20058,صبحانه و لبنیات
30017,20036,حجیم و خمیرترش
32136,20047,تنقلات
32136,20040,میهمانی و تشریفات
32136,20046,کیک و شیرینی
32137,20047,تنقلات
32137,20040,میهمانی و تشریفات
32137,20046,کیک و شیرینی
32138,20047,تنقلات
32138,20046,کیک و شیرینی
32138,20040,میهمانی و تشریفات
32139,20047,تنقلات
32139,20040,میهمانی و تشریفات
32139,20046,کیک و شیرینی
32140,20047,تنقلات
32141,20047,تنقلات
22018,20047,تنقلات
22018,20061,خواروبار
17522,20029,کنارغذا
17522,20023,پیش غذا و دسر
17689,20058,صبحانه و لبنیات
17689,20047,تنقلات
17690,20058,صبحانه و لبنیات
17690,20047,تنقلات
17691,20058,صبحانه و لبنیات
17691,20047,تنقلات
17693,20058,صبحانه و لبنیات
17693,20047,تنقلات
17695,20058,صبحانه و لبنیات
17695,20047,تنقلات
17696,20058,صبحانه و لبنیات
17696,20047,تنقلات
17701,20058,صبحانه و لبنیات
17701,20047,تنقلات
21309,20063,روغن و تخم مرغ
21309,20064,روغن ها
21642,20053,چاشنی و روغن
17959,20058,صبحانه و لبنیات
17959,20060,لبنیات
21651,20039,دمنوش و عرقیجات
21651,20037,نوشیدنی
21651,20058,صبحانه و لبنیات
21650,20037,نوشیدنی
21650,20058,صبحانه و لبنیات
21650,20039,دمنوش و عرقیجات
21653,20037,نوشیدنی
21653,20058,صبحانه و لبنیات
21653,20039,دمنوش و عرقیجات
11209,20052,میوه
11209,20048,میوه و سبزیجات
11209,20043,میوه پذیرایی
11182,20052,میوه
11182,20048,میوه و سبزیجات
11182,20043,میوه پذیرایی
11231,20052,میوه
11231,20048,میوه و سبزیجات
11080,20048,میوه و سبزیجات
11080,20052,میوه
13032,20051,سبزی و صیفی‌جات
13032,20048,میوه و سبزیجات
11118,20052,میوه
11118,20048,میوه و سبزیجات
11399,20052,میوه
11399,20048,میوه و سبزیجات
11397,20052,میوه
11397,20048,میوه و سبزیجات
13014,20048,میوه و سبزیجات
13014,20051,سبزی و صیفی‌جات
12010,20048,میوه و سبزیجات
12010,20033,سالادهای بسته بندی
13021,20053,چاشنی و روغن
11763,20037,نوشیدنی
11763,20052,میوه
11763,20048,میوه و سبزیجات
11065,20052,میوه
11065,20048,میوه و سبزیجات
12043,20051,سبزی و صیفی‌جات
12043,20048,میوه و سبزیجات
20129,20051,سبزی و صیفی‌جات
20129,20048,میوه و سبزیجات
20129,20050,آماده مصرف
13010,20048,میوه و سبزیجات
20121,20048,میوه و سبزیجات
20121,20051,سبزی و صیفی‌جات
20121,20050,آماده مصرف
11625,20043,میوه پذیرایی
11625,20040,میهمانی و تشریفات
11625,20052,میوه
11625,20048,میوه و سبزیجات
11238,20052,میوه
11238,20048,میوه و سبزیجات
11131,20052,میوه
11131,20048,میوه و سبزیجات
11031,20040,میهمانی و تشریفات
11031,20043,میوه پذیرایی
11031,20052,میوه
11031,20048,میوه و سبزیجات
11275,20052,میوه
11275,20048,میوه و سبزیجات
11079,20052,میوه
11079,20048,میوه و سبزیجات
11069,20052,میوه
11069,20048,میوه و سبزیجات
19007,20017,غذای اصلی
19007,20012,غذاها
19007,20025,فرنگی
19003,20017,غذای اصلی
19003,20012,غذاها
19003,20025,فرنگی
19002,20017,غذای اصلی
19002,20012,غذاها
19002,20025,فرنگی
19013,20025,فرنگی
19013,20017,غذای اصلی
19013,20012,غذاها
24914,20012,غذاها
24914,20017,غذای اصلی
24914,20025,فرنگی
24917,20017,غذای اصلی
24917,20012,غذاها
24917,20025,فرنگی
17721,20061,خواروبار
17721,20062,غلات و حبوبات
17722,20023,پیش غذا و دسر
17722,20029,کنارغذا
17723,20023,پیش غذا و دسر
17723,20029,کنارغذا
17724,20029,کنارغذا
17724,20023,پیش غذا و دسر
17725,20029,کنارغذا
17725,20023,پیش غذا و دسر
17726,20029,کنارغذا
17726,20023,پیش غذا و دسر
17727,20023,پیش غذا و دسر
17727,20029,کنارغذا
17764,20023,پیش غذا و دسر
17764,20029,کنارغذا
17735,20037,نوشیدنی
17738,20063,روغن و تخم مرغ
17738,20058,صبحانه و لبنیات
17740,20047,تنقلات
17740,20058,صبحانه و لبنیات
17741,20058,صبحانه و لبنیات
17741,20047,تنقلات
17744,20060,لبنیات
17744,20058,صبحانه و لبنیات
17745,20064,روغن ها
17745,20063,روغن و تخم مرغ
17746,20058,صبحانه و لبنیات
17746,20063,روغن و تخم مرغ
17747,20063,روغن و تخم مرغ
17747,20058,صبحانه و لبنیات
11649,20048,میوه و سبزیجات
11649,20051,سبزی و صیفی‌جات
17748,20023,پیش غذا و دسر
17748,20029,کنارغذا
17773,20060,لبنیات
17773,20058,صبحانه و لبنیات
26044,20051,سبزی و صیفی‌جات
26044,20048,میوه و سبزیجات
17833,20063,روغن و تخم مرغ
17833,20064,روغن ها
17834,20063,روغن و تخم مرغ
17834,20064,روغن ها
17825,20051,سبزی و صیفی‌جات
17825,20048,میوه و سبزیجات
21662,20036,شیرین
21662,20036,نان
21662,20062,غلات و حبوبات
21663,20036,شیرین
21663,20062,غلات و حبوبات
21663,20036,نان
21664,20036,شیرین
21664,20036,نان
21664,20062,غلات و حبوبات
17832,20053,چاشنی و روغن
17818,20047,تنقلات
17819,20047,تنقلات
17820,20047,تنقلات
17821,20047,تنقلات
17822,20047,تنقلات
17809,20047,تنقلات
17808,20051,سبزی و صیفی‌جات
17808,20048,میوه و سبزیجات
17826,20047,تنقلات
17827,20047,تنقلات
17828,20047,تنقلات
17828,20061,خواروبار
17828,20036,شیرین
17837,20047,تنقلات
17946,20061,خواروبار
17946,20058,صبحانه و لبنیات
17946,20047,تنقلات
17947,20061,خواروبار
17947,20047,تنقلات
17947,20058,صبحانه و لبنیات
28042,20057,آجیل و خشکبار
28042,20047,تنقلات
28043,20047,تنقلات
28043,20057,آجیل و خشکبار
28044,20047,تنقلات
28044,20057,آجیل و خشکبار
28045,20047,تنقلات
28045,20057,آجیل و خشکبار
24921,20022,ساندویچ
24921,20012,غذاها
24921,20017,غذای اصلی
24920,20022,ساندویچ
24920,20017,غذای اصلی
24920,20012,غذاها
17792,20062,غلات و حبوبات
17792,20058,صبحانه و لبنیات
17793,20058,صبحانه و لبنیات
17793,20062,غلات و حبوبات
17794,20058,صبحانه و لبنیات
17794,20062,غلات و حبوبات
17795,20058,صبحانه و لبنیات
17795,20062,غلات و حبوبات
17796,20058,صبحانه و لبنیات
17796,20062,غلات و حبوبات
17797,20058,صبحانه و لبنیات
17797,20062,غلات و حبوبات
20122,20051,سبزی و صیفی‌جات
20122,20048,میوه و سبزیجات
20122,20050,آماده مصرف
28002,20047,تنقلات
28002,20057,آجیل و خشکبار
28008,20057,آجیل و خشکبار
28008,20047,تنقلات
28015,20057,آجیل و خشکبار
28015,20047,تنقلات
28007,20047,تنقلات
28007,20057,آجیل و خشکبار
28023,20057,آجیل و خشکبار
28023,20047,تنقلات
28017,20047,تنقلات
28017,20057,آجیل و خشکبار
28018,20057,آجیل و خشکبار
28018,20047,تنقلات
28013,20047,تنقلات
28013,20057,آجیل و خشکبار
28014,20057,آجیل و خشکبار
28014,20047,تنقلات
28026,20047,تنقلات
28026,20057,آجیل و خشکبار
28022,20057,آجیل و خشکبار
28022,20047,تنقلات
28020,20047,تنقلات
28020,20057,آجیل و خشکبار
28005,20057,آجیل و خشکبار
28005,20047,تنقلات
28038,20057,آجیل و خشکبار
28038,20047,تنقلات
28033,20047,تنقلات
28033,20057,آجیل و خشکبار
28032,20047,تنقلات
28032,20057,آجیل و خشکبار
28034,20057,آجیل و خشکبار
28034,20047,تنقلات
28035,20047,تنقلات
28035,20057,آجیل و خشکبار
28037,20047,تنقلات
28037,20057,آجیل و خشکبار
28039,20057,آجیل و خشکبار
28039,20047,تنقلات
28039,20061,خواروبار
28030,20047,تنقلات
28030,20057,آجیل و خشکبار
28031,20057,آجیل و خشکبار
28031,20047,تنقلات
28029,20047,تنقلات
28029,20057,آجیل و خشکبار
28040,20047,تنقلات
28040,20057,آجیل و خشکبار
28040,20061,خواروبار
17802,20058,صبحانه و لبنیات
28501,20040,میهمانی و تشریفات
28501,20023,پیش غذا و دسر
28501,20047,تنقلات
28501,20061,خواروبار
28504,20043,میوه پذیرایی
28504,20047,تنقلات
28504,20061,خواروبار
28505,20061,خواروبار
28505,20040,میهمانی و تشریفات
28505,20047,تنقلات
28502,20040,میهمانی و تشریفات
28502,20023,پیش غذا و دسر
28502,20061,خواروبار
28502,20047,تنقلات
28506,20040,میهمانی و تشریفات
28506,20023,پیش غذا و دسر
28506,20047,تنقلات
28506,20061,خواروبار
11166,20052,میوه
11166,20048,میوه و سبزیجات
11166,20043,میوه پذیرایی
11166,20040,میهمانی و تشریفات
13060,20062,غلات و حبوبات
13060,20051,سبزی و صیفی‌جات
13060,20048,میوه و سبزیجات
13027,20051,سبزی و صیفی‌جات
13027,20048,میوه و سبزیجات
11350,20048,میوه و سبزیجات
11350,20043,میوه پذیرایی
11350,20052,میوه
11402,20052,میوه
11402,20048,میوه و سبزیجات
11402,20043,میوه پذیرایی
17758,20055,روغن‌های بامیکا
17758,20064,روغن ها
17758,20063,روغن و تخم مرغ
17759,20063,روغن و تخم مرغ
17759,20055,روغن‌های بامیکا
17759,20064,روغن ها
12045,20051,سبزی و صیفی‌جات
12045,20048,میوه و سبزیجات
12103,20048,میوه و سبزیجات
12103,20051,سبزی و صیفی‌جات
11508,20052,میوه
11508,20048,میوه و سبزیجات
11508,20043,میوه پذیرایی
11508,20040,میهمانی و تشریفات
11580,20040,میهمانی و تشریفات
11580,20052,میوه
11580,20048,میوه و سبزیجات
11580,20043,میوه پذیرایی
12001,20051,سبزی و صیفی‌جات
12001,20048,میوه و سبزیجات
32143,20047,تنقلات
17771,20060,لبنیات
17771,20058,صبحانه و لبنیات
17772,20060,لبنیات
17772,20058,صبحانه و لبنیات
17781,20060,لبنیات
17781,20058,صبحانه و لبنیات
32142,20047,تنقلات
30018,20047,تنقلات
30018,20040,میهمانی و تشریفات
17839,20053,چاشنی و روغن
17840,20053,چاشنی و روغن
17841,20047,تنقلات
17841,20053,چاشنی و روغن
17842,20053,چاشنی و روغن
17843,20053,چاشنی و روغن
17844,20053,چاشنی و روغن
17845,20053,چاشنی و روغن
17846,20053,چاشنی و روغن
17847,20053,چاشنی و روغن
17879,20061,خواروبار
17879,20062,غلات و حبوبات
17880,20061,خواروبار
17880,20062,غلات و حبوبات
17881,20061,خواروبار
17881,20062,غلات و حبوبات
17882,20062,غلات و حبوبات
17882,20061,خواروبار
28048,20047,تنقلات
28048,20057,آجیل و خشکبار
17888,20058,صبحانه و لبنیات
17888,20037,نوشیدنی
17888,20039,دمنوش و عرقیجات
17889,20058,صبحانه و لبنیات
17889,20037,نوشیدنی
17889,20039,دمنوش و عرقیجات
17890,20058,صبحانه و لبنیات
17890,20037,نوشیدنی
17890,20039,دمنوش و عرقیجات
17891,20058,صبحانه و لبنیات
17891,20037,نوشیدنی
17891,20039,دمنوش و عرقیجات
17892,20058,صبحانه و لبنیات
17892,20037,نوشیدنی
17892,20039,دمنوش و عرقیجات
17893,20053,چاشنی و روغن
17894,20053,چاشنی و روغن
17895,20053,چاشنی و روغن
17896,20053,چاشنی و روغن
17897,20053,چاشنی و روغن
29501,20065,پروتئین
29501,20065,فرآورده های گوشتی
29502,20065,پروتئین
29502,20065,فرآورده های گوشتی
29503,20065,پروتئین
29503,20065,فرآورده های گوشتی
29504,20065,پروتئین
29504,20065,فرآورده های گوشتی
29505,20065,پروتئین
29505,20065,فرآورده های گوشتی
29506,20065,پروتئین
29506,20065,فرآورده های گوشتی
29507,20065,پروتئین
29507,20065,فرآورده های گوشتی
29508,20065,پروتئین
29508,20065,فرآورده های گوشتی
29509,20065,پروتئین
29509,20065,فرآورده های گوشتی
29510,20065,پروتئین
29510,20065,فرآورده های گوشتی
29511,20065,پروتئین
29511,20065,فرآورده های گوشتی
29512,20065,پروتئین
29512,20065,فرآورده های گوشتی
29513,20065,پروتئین
29513,20065,فرآورده های گوشتی
29514,20065,پروتئین
29514,20065,فرآورده های گوشتی
29515,20065,پروتئین
29515,20065,فرآورده های گوشتی
29516,20065,پروتئین
29516,20065,فرآورده های گوشتی
29517,20065,پروتئین
29517,20065,فرآورده های گوشتی
29518,20065,پروتئین
29518,20065,فرآورده های گوشتی
17829,20061,خواروبار
17829,20047,تنقلات
17853,20047,تنقلات
23076,20012,غذاها
23076,20017,غذای اصلی
23076,20025,فرنگی
23076,20040,میهمانی و تشریفات
17899,20047,تنقلات
17899,20058,صبحانه و لبنیات
17901,20047,تنقلات
17901,20058,صبحانه و لبنیات
17902,20047,تنقلات
17902,20058,صبحانه و لبنیات
17903,20047,تنقلات
17903,20058,صبحانه و لبنیات
17904,20047,تنقلات
17904,20058,صبحانه و لبنیات
17905,20047,تنقلات
17905,20058,صبحانه و لبنیات
17906,20047,تنقلات
17906,20058,صبحانه و لبنیات
17907,20047,تنقلات
17907,20058,صبحانه و لبنیات
17908,20047,تنقلات
17908,20058,صبحانه و لبنیات
17909,20047,تنقلات
17909,20058,صبحانه و لبنیات
17910,20047,تنقلات
17910,20058,صبحانه و لبنیات
17911,20047,تنقلات
17911,20058,صبحانه و لبنیات
23001,20012,غذاها
23001,20023,پیش غذا و دسر
23001,20029,کنارغذا
23001,20058,صبحانه و لبنیات
24110,20012,غذاها
24110,20023,پیش غذا و دسر
24110,20040,میهمانی و تشریفات
24110,20017,غذای اصلی
24110,20024,ایرانی
24111,20012,غذاها
24111,20023,پیش غذا و دسر
24111,20040,میهمانی و تشریفات
24111,20017,غذای اصلی
24111,20024,ایرانی
17754,20047,تنقلات
17754,20058,صبحانه و لبنیات
17945,20061,خواروبار
17945,20062,غلات و حبوبات
17945,20058,صبحانه و لبنیات
17944,20061,خواروبار
17944,20062,غلات و حبوبات
17944,20058,صبحانه و لبنیات
17915,20061,خواروبار
17916,20061,خواروبار
17917,20061,خواروبار
17943,20061,خواروبار
17943,20062,غلات و حبوبات
17943,20058,صبحانه و لبنیات
21672,20048,میوه و سبزیجات
21672,20051,سبزی و صیفی‌جات
21671,20048,میوه و سبزیجات
21671,20051,سبزی و صیفی‌جات
21670,20051,سبزی و صیفی‌جات
22009,20023,پیش غذا و دسر
22009,20070,ژله و دسر
22006,20023,پیش غذا و دسر
22006,20070,ژله و دسر
22015,20023,پیش غذا و دسر
22015,20070,ژله و دسر
22004,20023,پیش غذا و دسر
22004,20070,ژله و دسر
20120,20048,میوه و سبزیجات
20120,20040,میهمانی و تشریفات
20120,20043,میوه پذیرایی
20120,20052,میوه
21669,20053,چاشنی و روغن
21669,20061,خواروبار
17938,20051,سبزی و صیفی‌جات
17938,20048,میوه و سبزیجات
17939,20051,سبزی و صیفی‌جات
17939,20048,میوه و سبزیجات
17940,20048,میوه و سبزیجات
17940,20051,سبزی و صیفی‌جات
17941,20048,میوه و سبزیجات
17941,20051,سبزی و صیفی‌جات
20163,20051,سبزی و صیفی‌جات
20163,20048,میوه و سبزیجات
20163,20050,آماده مصرف
20164,20048,میوه و سبزیجات
20164,20051,سبزی و صیفی‌جات
20164,20050,آماده مصرف
17958,20058,صبحانه و لبنیات
17958,20060,لبنیات
17884,20048,میوه و سبزیجات
17884,20051,سبزی و صیفی‌جات
17922,20023,پیش غذا و دسر
17922,20029,کنارغذا
17923,20023,پیش غذا و دسر
17923,20029,کنارغذا
17924,20023,پیش غذا و دسر
17924,20029,کنارغذا
17925,20023,پیش غذا و دسر
17925,20029,کنارغذا
17919,20048,میوه و سبزیجات
17919,20051,سبزی و صیفی‌جات
20087,20023,پیش غذا و دسر
20087,20032,سالاد
20087,20033,سالادهای بسته بندی
17912,20023,پیش غذا و دسر
17912,20029,کنارغذا
17800,20023,پیش غذا و دسر
17800,20029,کنارغذا
17886,20023,پیش غذا و دسر
17886,20029,کنارغذا
17798,20023,پیش غذا و دسر
17798,20029,کنارغذا
17887,20023,پیش غذا و دسر
17887,20029,کنارغذا
17887,20053,چاشنی و روغن
17799,20023,پیش غذا و دسر
17799,20029,کنارغذا
32146,20047,تنقلات
32147,20047,تنقلات
11250,20040,میهمانی و تشریفات
11250,20043,میوه پذیرایی
11250,20048,میوه و سبزیجات
11250,20052,میوه
11381,20040,میهمانی و تشریفات
11381,20043,میوه پذیرایی
11381,20048,میوه و سبزیجات
11381,20052,میوه
11120,20040,میهمانی و تشریفات
11120,20043,میوه پذیرایی
11120,20048,میوه و سبزیجات
11120,20052,میوه
12012,20048,میوه و سبزیجات
12012,20051,سبزی و صیفی‌جات
11106,20040,میهمانی و تشریفات
11106,20043,میوه پذیرایی
11106,20051,سبزی و صیفی‌جات
11106,20052,میوه
32145,20047,تنقلات
32144,20047,تنقلات
16212,20040,میهمانی و تشریفات
16212,20043,میوه پذیرایی
16212,20048,میوه و سبزیجات
16212,20052,میوه
21673,20051,سبزی و صیفی‌جات
17961,20062,غلات و حبوبات
17960,20058,صبحانه و لبنیات
17960,20060,لبنیات
15213,20023,پیش غذا و دسر
15213,20032,سالاد
15213,20034,ماست و سالاد
15213,20032,سالاد بامیکا
15215,20023,پیش غذا و دسر
15215,20032,سالاد
15215,20034,ماست و سالاد
15215,20032,سالاد بامیکا
17967,20058,صبحانه و لبنیات
17967,20039,دمنوش و عرقیجات
17968,20058,صبحانه و لبنیات
17968,20039,دمنوش و عرقیجات
24112,20032,سالاد بامیکا
24112,20032,سالاد
24112,20023,پیش غذا و دسر
24112,20034,ماست و سالاد
28047,20047,تنقلات
28047,20060,لبنیات
21658,20062,غلات و حبوبات
18906,20023,پیش غذا و دسر
18906,20029,کنارغذا
18905,20023,پیش غذا و دسر
18905,20029,کنارغذا
17989,20047,تنقلات
17990,20058,صبحانه و لبنیات
17990,20060,لبنیات
17991,20058,صبحانه و لبنیات
17991,20060,لبنیات
17992,20058,صبحانه و لبنیات
17992,20060,لبنیات
17993,20058,صبحانه و لبنیات
17993,20060,لبنیات
17994,20058,صبحانه و لبنیات
17994,20060,لبنیات
17996,20058,صبحانه و لبنیات
17996,20060,لبنیات
17995,20058,صبحانه و لبنیات
17995,20060,لبنیات
20176,20051,سبزی و صیفی‌جات
17972,20048,میوه و سبزیجات
17972,20051,سبزی و صیفی‌جات
17970,20029,کنارغذا
17971,20029,کنارغذا
17974,20029,کنارغذا
17975,20029,کنارغذا
17976,20029,کنارغذا
17977,20029,کنارغذا
30019,20036,نان
30019,20036,ساندویچی
17978,20051,سبزی و صیفی‌جات
17969,20047,تنقلات
20173,20048,میوه و سبزیجات
20173,20051,سبزی و صیفی‌جات
20173,20050,آماده مصرف
17513,20062,غلات و حبوبات
17513,20036,نان
17513,20047,تنقلات
17513,20057,آجیل و خشکبار
17513,20036,شیرین
31003,20058,صبحانه و لبنیات
31003,20037,نوشیدنی
31004,20058,صبحانه و لبنیات
31004,20037,نوشیدنی
31005,20058,صبحانه و لبنیات
31005,20059,عسل و مربا
31006,20058,صبحانه و لبنیات
31006,20059,عسل و مربا
31007,20058,صبحانه و لبنیات
31007,20059,عسل و مربا
21674,20037,نوشیدنی
21674,20058,صبحانه و لبنیات
21674,20060,لبنیات
21675,20058,صبحانه و لبنیات
21675,20060,لبنیات
21675,20037,نوشیدنی
20178,20051,سبزی و صیفی‌جات
21682,20058,صبحانه و لبنیات
21682,20060,لبنیات
21682,20037,نوشیدنی
31038,20047,تنقلات
13068,20051,سبزی و صیفی‌جات
32098,20051,سبزی و صیفی‌جات
32101,20047,تنقلات
32108,20047,تنقلات
32118,20047,تنقلات
32106,20058,صبحانه و لبنیات
32103,20047,تنقلات
32148,20047,تنقلات
32977,20040,میهمانی و تشریفات
32977,20047,تنقلات
32976,20047,تنقلات
32976,20046,کیک و شیرینی
32976,20058,صبحانه و لبنیات
24929,20017,غذای اصلی
24929,20012,غذاها
24929,20025,فرنگی
24930,20017,غذای اصلی
24930,20025,فرنگی
24930,20012,غذاها
24931,20017,غذای اصلی
24931,20025,فرنگی
24931,20012,غذاها
24932,20029,کنارغذا
24932,20012,غذاها
24932,20017,غذای اصلی
24932,20025,فرنگی
32979,20047,تنقلات
32979,20040,میهمانی و تشریفات
32979,20046,کیک و شیرینی
32978,20047,تنقلات
32978,20058,صبحانه و لبنیات
32978,20040,میهمانی و تشریفات
32978,20046,کیک و شیرینی
32153,20047,تنقلات
32150,20047,تنقلات
32151,20047,تنقلات
32152,20047,تنقلات
32974,20047,تنقلات
32974,20058,صبحانه و لبنیات
32974,20040,میهمانی و تشریفات
32974,20046,کیک و شیرینی
32975,20058,صبحانه و لبنیات
32975,20040,میهمانی و تشریفات
32975,20047,تنقلات
32975,20046,کیک و شیرینی
32950,20047,تنقلات
32950,20040,میهمانی و تشریفات
32951,20047,تنقلات
32951,20040,میهمانی و تشریفات
32951,20046,کیک و شیرینی
32952,20047,تنقلات
32952,20040,میهمانی و تشریفات
32952,20046,کیک و شیرینی
32953,20047,تنقلات
32953,20040,میهمانی و تشریفات
32953,20046,کیک و شیرینی
32954,20047,تنقلات
32954,20040,میهمانی و تشریفات
32954,20046,کیک و شیرینی
32955,20047,تنقلات
32955,20040,میهمانی و تشریفات
32955,20046,کیک و شیرینی
32957,20047,تنقلات
32957,20040,میهمانی و تشریفات
32957,20046,کیک و شیرینی
32956,20047,تنقلات
32956,20040,میهمانی و تشریفات
32956,20046,کیک و شیرینی
32958,20047,تنقلات
32958,20040,میهمانی و تشریفات
32958,20046,کیک و شیرینی
32959,20047,تنقلات
32959,20040,میهمانی و تشریفات
32959,20046,کیک و شیرینی
32960,20047,تنقلات
32960,20040,میهمانی و تشریفات
32960,20046,کیک و شیرینی
32961,20047,تنقلات
32961,20040,میهمانی و تشریفات
32961,20046,کیک و شیرینی
32962,20047,تنقلات
32962,20040,میهمانی و تشریفات
32962,20046,کیک و شیرینی
32963,20047,تنقلات
32963,20040,میهمانی و تشریفات
32963,20046,کیک و شیرینی
32966,20047,تنقلات
32966,20040,میهمانی و تشریفات
32966,20046,کیک و شیرینی
32965,20047,تنقلات
32965,20040,میهمانی و تشریفات
32965,20046,کیک و شیرینی
32967,20047,تنقلات
32967,20040,میهمانی و تشریفات
32967,20046,کیک و شیرینی
32968,20047,تنقلات
32968,20040,میهمانی و تشریفات
32968,20046,کیک و شیرینی
32969,20047,تنقلات
32969,20040,میهمانی و تشریفات
32969,20058,صبحانه و لبنیات
32969,20046,کیک و شیرینی
32970,20047,تنقلات
32970,20058,صبحانه و لبنیات
32970,20040,میهمانی و تشریفات
32970,20046,کیک و شیرینی
17932,20040,میهمانی و تشریفات
17932,20047,تنقلات
32090,20047,تنقلات
32090,20040,میهمانی و تشریفات
24933,20012,غذاها
24933,20017,غذای اصلی
24933,20025,فرنگی
24934,20012,غذاها
24934,20017,غذای اصلی
24934,20025,فرنگی
21685,20037,نوشیدنی
21685,20039,دمنوش و عرقیجات
21686,20037,نوشیدنی
21686,20039,دمنوش و عرقیجات
21687,20037,نوشیدنی
21687,20039,دمنوش و عرقیجات
32170,20047,تنقلات
32170,20040,میهمانی و تشریفات
11385,20043,میوه پذیرایی
11385,20048,میوه و سبزیجات
11385,20052,میوه
11180,20043,میوه پذیرایی
11180,20048,میوه و سبزیجات
11180,20052,میوه
11299,20043,میوه پذیرایی
11299,20048,میوه و سبزیجات
11299,20052,میوه
11144,20043,میوه پذیرایی
11144,20048,میوه و سبزیجات
11144,20052,میوه
11165,20043,میوه پذیرایی
11165,20048,میوه و سبزیجات
11165,20052,میوه
11093,20043,میوه پذیرایی
11093,20048,میوه و سبزیجات
11093,20052,میوه
11152,20043,میوه پذیرایی
11152,20048,میوه و سبزیجات
11152,20052,میوه
11177,20043,میوه پذیرایی
11177,20048,میوه و سبزیجات
11177,20052,میوه
12050,20051,سبزی و صیفی‌جات
11155,20043,میوه پذیرایی
11155,20048,میوه و سبزیجات
11155,20052,میوه
11150,20043,میوه پذیرایی
11150,20048,میوه و سبزیجات
11150,20052,میوه
11401,20043,میوه پذیرایی
11401,20048,میوه و سبزیجات
11401,20052,میوه
32980,20058,صبحانه و لبنیات
32980,20046,کیک و شیرینی
31069,20037,نوشیدنی
31069,20039,دمنوش و عرقیجات
31070,20037,نوشیدنی
31070,20039,دمنوش و عرقیجات
31071,20037,نوشیدنی
31071,20039,دمنوش و عرقیجات
32010,20058,صبحانه و لبنیات
32010,20059,عسل و مربا
32011,20058,صبحانه و لبنیات
32011,20059,عسل و مربا
32012,20058,صبحانه و لبنیات
32012,20059,عسل و مربا
32013,20058,صبحانه و لبنیات
32013,20059,عسل و مربا
32171,20047,تنقلات
32172,20047,تنقلات
32173,20047,تنقلات
32173,20058,صبحانه و لبنیات
32174,20047,تنقلات
32174,20058,صبحانه و لبنیات
32175,20046,کیک و شیرینی
32175,20061,خواروبار
32175,20047,تنقلات
32176,20046,کیک و شیرینی
32176,20061,خواروبار
32176,20047,تنقلات
32177,20047,تنقلات
32178,20047,تنقلات
32178,20058,صبحانه و لبنیات
32193,20061,خواروبار
32193,20050,آماده مصرف
11268,20061,خواروبار
11268,20047,تنقلات
11268,20057,آجیل و خشکبار
28028,20047,تنقلات
28028,20057,آجیل و خشکبار
28050,20047,تنقلات
28050,20057,آجیل و خشکبار
32196,20037,نوشیدنی
30063,20062,غلات و حبوبات
30063,20058,صبحانه و لبنیات
30063,20040,میهمانی و تشریفات
30063,20036,نان
30063,20036,شیرین
21688,20063,روغن و تخم مرغ
21688,20064,روغن ها
21688,20053,چاشنی و روغن
21689,20063,روغن و تخم مرغ
21689,20064,روغن ها
21689,20053,چاشنی و روغن
21690,20063,روغن و تخم مرغ
21690,20064,روغن ها
21690,20053,چاشنی و روغن
32986,20047,تنقلات
32986,20058,صبحانه و لبنیات
32986,20046,کیک و شیرینی
30060,20062,غلات و حبوبات
30060,20047,تنقلات
30060,20058,صبحانه و لبنیات
30060,20046,کیک و شیرینی
30060,20036,نان
30060,20036,شیرین
22025,20023,پیش غذا و دسر
22025,20040,میهمانی و تشریفات
22025,20046,کیک و شیرینی
28049,20057,آجیل و خشکبار
28011,20047,تنقلات
28011,20057,آجیل و خشکبار
28046,20061,خواروبار
28046,20047,تنقلات
28046,20060,لبنیات
28046,20057,آجیل و خشکبار
28041,20047,تنقلات
28041,20057,آجیل و خشکبار